{
    "MLB": [
        ["Athletics", "Oakland Athletics", "OAK", "OAKLAND", "The Athletics", "A's", "Athl", "Oakland A's", "Athletics Baseball"],
        ["Detroit Tigers", "Tigers", "DET", "Detroit", "DET TIGERS", "Motor City Kitties", "D-Town Tigers"],
        ["Boston Red Sox", "Red Sox", "Boston", "BOS", "BOS RED SOX", "BoSox", "Sox", "Boston Sox"],
        ["San Diego Padres", "Padres", "San Diego", "SD", "SD PADRES", "Friars"],
        ["Houston Astros", "Astros", "Houston", "HOU", "HOU ASTROS", "Stros", "H-Town Astros"],
        ["Minnesota Twins", "Twins", "Minnesota", "MIN", "MIN TWINS", "Twinkies"],
        ["Cincinnati Reds", "Reds", "Cincinnati", "CIN", "CIN REDS", "Redlegs"],
        ["Chicago Cubs", "Cubs", "Chicago Cubs", "CHC", "CHI CUBS", "North Siders", "Cubbies"],
        ["Texas Rangers", "Rangers", "Texas", "TEX", "TEX RANGERS"],
        ["Seattle Mariners", "Mariners", "Seattle", "SEA", "SEA MARINERS", "M's", "Ms"],
        ["Washington Nationals", "Nationals", "Washington", "WSH", "WAS NATIONALS", "Nats"],
        ["Saint Louis Cardinals", "St. Louis Cardinals", "Cardinals", "St. Louis", "STL", "STL CARDINALS", "Redbirds"],
        ["Cleveland Guardians", "Guardians", "Cleveland", "CLE", "CLE GUARDIANS", "The Guards", "Cleveland Baseball Team", "Cleveland Indians"],
        ["Chicago White Sox", "White Sox", "CWS", "CHI WHITE SOX", "South Siders", "ChiSox"],
        ["New York Yankees", "Yankees", "NYY", "NY YANKEES", "Yanks", "Bronx Bombers"],
        ["Baltimore Orioles", "Orioles", "Baltimore", "BAL", "BAL ORIOLES", "O's", "Birds"],
        ["Arizona Diamondbacks", "Diamondbacks", "DBacks", "Arizona", "ARI", "ARI DBACKS", "Snakes"],
        ["Los Angeles Dodgers", "Dodgers", "LAD", "LA Dodgers", "Boys in Blue"],
        ["Los Angeles Angels", "Angels", "LAA", "LA Angels", "Anaheim Angels", "California Angels", "Halos"],
        ["Miami Marlins", "Marlins", "Miami", "MIA", "MIA MARLINS", "Florida Marlins", "Fish"],
        ["Pittsburgh Pirates", "Pirates", "Pittsburgh", "PIT", "PIT PIRATES", "Bucs", "Buccos"],
        ["Atlanta Braves", "Braves", "Atlanta", "ATL", "ATL BRAVES", "Bravos"],
        ["Colorado Rockies", "Rockies", "Colorado", "COL", "COL ROCKIES", "Rox"],
        ["Philadelphia Phillies", "Phillies", "Philadelphia", "PHI", "PHI PHILLIES", "Phils"],
        ["Toronto Blue Jays", "Blue Jays", "Toronto", "TOR", "TOR BLUE JAYS", "Jays"],
        ["San Francisco Giants", "Giants", "San Francisco", "SF", "SF GIANTS", "G-Men", "Orange and Black"],
        ["Kansas City Royals", "Royals", "Kansas City", "KC", "KC ROYALS", "The Boys in Blue"],
        ["Milwaukee Brewers", "Brewers", "Milwaukee", "MIL", "MIL BREWERS", "Brew Crew"],
        ["New York Mets", "Mets", "NYM", "NY METS", "Amazins"],
        ["Tampa Bay Rays", "Rays", "Tampa Bay", "Tampa", "TB", "TB RAYS", "Devil Rays"]
      ],
    "MiLB" : [
        ["Buffalo Bisons", "Bisons", "Buffalo", "BUF", "BUF BISONS", "Herd"],
        ["Charlotte Knights", "Knights", "Charlotte", "CLT", "CLT KNIGHTS", "Queen City Knights"],
        ["Columbus Clippers", "Clippers", "Columbus", "COL", "COL CLIPPERS"],
        ["Durham Bulls", "Bulls", "Durham", "DUR", "DUR BULLS", "Bull City Bulls"],
        ["Gwinnett Stripers", "Stripers", "Gwinnett", "GWN", "GWN STRIPERS", "G-Braves"],
        ["Indianapolis Indians", "Indians", "Indianapolis", "INDY", "INDIANS (AAA)", "Indy Indians", "Tribe"],
        ["Iowa Cubs", "Cubs", "Iowa", "IOW", "IOWA CUBS", "I-Cubs"],
        ["Jacksonville Jumbo Shrimp", "Jumbo Shrimp", "Jacksonville", "JAX", "JAX JUMBO SHRIMP", "Shrimp", "Jax Shrimp"],
        ["Lehigh Valley IronPigs", "IronPigs", "Lehigh Valley", "LV", "LV IRONPIGS", "Pigs"],
        ["Louisville Bats", "Bats", "Louisville", "LOU", "LOU BATS", "Slugger Bats"],
        ["Memphis Redbirds", "Redbirds", "Memphis", "MEM", "MEM REDBIRDS", "Bluff City Redbirds"],
        ["Nashville Sounds", "Sounds", "Nashville", "NSH", "NSH SOUNDS", "Music City Sounds"],
        ["Norfolk Tides", "Tides", "Norfolk", "NOR", "NOR TIDES", "Harbor Tides"],
        ["Omaha Storm Chasers", "Storm Chasers", "Omaha", "OMA", "OMA STORM CHASERS", "Omaha Royals"],
        ["Rochester Red Wings", "Red Wings", "Rochester", "ROC", "ROC RED WINGS", "Wings"],
        ["Scranton/Wilkes-Barre RailRiders", "RailRiders", "Scranton", "SWB", "SWB RAILRIDERS", "Yankees (AAA)", "SWB Yankees"],
        ["Saint Paul Saints", "St. Paul Saints", "Saints", "St. Paul", "STP", "STP SAINTS"],
        ["Syracuse Mets", "Mets", "Syracuse", "SYR", "SYR METS", "Chiefs"],
        ["Toledo Mud Hens", "Mud Hens", "Toledo", "TOL", "TOL MUD HENS", "Hens"],
        ["Worcester Red Sox", "Red Sox", "WooSox", "Worcester", "WOO", "WOO SOX", "Worcester Sox"],
        ["Albuquerque Isotopes", "Isotopes", "Albuquerque", "ABQ", "ABQ ISOTOPES", "Topes"],
        ["El Paso Chihuahuas", "Chihuahuas", "El Paso", "ELP", "ELP CHIHUAHUAS", "Chihuas"],
        ["Las Vegas Aviators", "Aviators", "Las Vegas", "LV", "LV AVIATORS", "51s", "Stars"],
        ["Oklahoma City Baseball Club", "Oklahoma City", "OKC", "OKC BASEBALL CLUB", "RedHawks", "Dodgers (AAA)", "OKC Dodgers"],
        ["Reno Aces", "Aces", "Reno", "RNO", "RNO ACES"],
        ["Round Rock Express", "Express", "Round Rock", "RR", "RR EXPRESS", "E-Train"],
        ["Sacramento River Cats", "River Cats", "Sacramento", "SAC", "SAC RIVER CATS"],
        ["Salt Lake Bees", "Bees", "Salt Lake", "SLC", "SLC BEES", "Buzz", "Stingers"],
        ["Sugar Land Space Cowboys", "Space Cowboys", "Sugar Land", "SUG", "SUG SPACE COWBOYS", "Skeeters"],
        ["Tacoma Rainiers", "Rainiers", "Tacoma", "TAC", "TAC RAINIERS", "T-Comas"]
      ],
    "NBA": [
        ["Atlanta Hawks", "Hawks", "Atlanta", "ATL", "ATL Hawks", "Hotlanta Hawks"],
        ["Boston Celtics", "Celtics", "Boston", "BOS", "BOS Celtics", "Celts", "Green", "C's"],
        ["Brooklyn Nets", "Nets", "Brooklyn", "BKN", "BKN Nets", "New Jersey Nets"],
        ["Charlotte Hornets", "Hornets", "Charlotte", "CHA", "CHA Hornets", "Buzz City", "Bobcats"],
        ["Chicago Bulls", "Bulls", "Chicago", "CHI", "CHI Bulls", "Windy City Bulls"],
        ["Cleveland Cavaliers", "Cavaliers", "Cavs", "Cleveland", "CLE", "CLE Cavaliers", "Wine & Gold"],
        ["Dallas Mavericks", "Mavericks", "Mavs", "Dallas", "DAL", "DAL Mavericks", "Big D Mavs"],
        ["Denver Nuggets", "Nuggets", "Denver", "DEN", "DEN Nuggets", "Nugs", "Mile High Nuggets"],
        ["Detroit Pistons", "Pistons", "Detroit", "DET", "DET Pistons", "Bad Boys"],
        ["Golden State Warriors", "Warriors", "Golden State", "GSW", "GS Warriors", "Dubs", "The Town", "The Bay"],
        ["Houston Rockets", "Rockets", "Houston", "HOU", "HOU Rockets", "Clutch City"],
        ["Indiana Pacers", "Pacers", "Indiana", "IND", "IND Pacers", "Blue & Gold"],
        ["Los Angeles Clippers", "Clippers", "LAC", "LA Clippers", "LA Clips", "Clips", "Braves"],
        ["Los Angeles Lakers", "Lakers", "Los Angeles", "LAL", "LA Lakers", "Lake Show", "Purple & Gold"],
        ["Memphis Grizzlies", "Grizzlies", "Memphis", "MEM", "MEM Grizzlies", "Grizz", "Vancouver Grizzlies"],
        ["Miami Heat", "Heat", "Miami", "MIA", "MIA Heat", "Heatles"],
        ["Milwaukee Bucks", "Bucks", "Milwaukee", "MIL", "MIL Bucks", "Fear the Deer"],
        ["Minnesota Timberwolves", "Timberwolves", "Wolves", "Minnesota", "MIN", "MIN Timberwolves", "T-Wolves"],
        ["New Orleans Pelicans", "Pelicans", "New Orleans", "NOP", "NO", "NOP Pelicans", "Pels", "Hornets (old)"],
        ["New York Knicks", "Knicks", "New York", "NYK", "NY Knicks", "Knickerbockers"],
        ["Oklahoma City Thunder", "Thunder", "Oklahoma City", "OKC", "OKC Thunder", "Sonics"],
        ["Orlando Magic", "Magic", "Orlando", "ORL", "ORL Magic"],
        ["Philadelphia 76ers", "76ers", "Sixers", "Philadelphia", "PHI", "PHI 76ers", "Philly Sixers"],
        ["Phoenix Suns", "Suns", "Phoenix", "PHX", "PHX Suns", "Valley Boys"],
        ["Portland Trail Blazers", "Trail Blazers", "Blazers", "Portland", "POR", "POR Trail Blazers", "Rip City"],
        ["Sacramento Kings", "Kings", "Sacramento", "SAC", "SAC Kings", "Royalty"],
        ["San Antonio Spurs", "Spurs", "San Antonio", "SAS", "SA Spurs", "Silver & Black"],
        ["Toronto Raptors", "Raptors", "Toronto", "TOR", "TOR Raptors", "Raps", "We The North"],
        ["Utah Jazz", "Jazz", "Utah", "UTA", "UTA Jazz", "New Orleans Jazz"],
        ["Washington Wizards", "Wizards", "Washington", "WAS", "WAS Wizards", "DC", "Bullets"]
      ],
    "WNBA": [
        ["Atlanta Dream", "Dream", "Atlanta", "ATL", "ATL Dream", "Hotlanta Dream"],
        ["Chicago Sky", "Sky", "Chicago", "CHI", "CHI Sky", "Windy City Sky"],
        ["Connecticut Sun", "Sun", "Connecticut", "CON", "CON Sun", "Mohegan Sun"],
        ["Dallas Wings", "Wings", "Dallas", "DAL", "DAL Wings", "Big D Wings"],
        ["Indiana Fever", "Fever", "Indiana", "IND", "IND Fever"],
        ["Las Vegas Aces", "Aces", "Las Vegas", "LVA", "LV Aces", "Vegas Aces", "Sin City Aces"],
        ["Los Angeles Sparks", "Sparks", "Los Angeles", "LA", "LAS", "LA Sparks", "Hollywood Sparks"],
        ["Minnesota Lynx", "Lynx", "Minnesota", "MIN", "MIN Lynx", "Twin Cities Lynx"],
        ["New York Liberty", "Liberty", "New York", "NYL", "NY Liberty", "Lady Liberty"],
        ["Phoenix Mercury", "Mercury", "Phoenix", "PHX", "PHX Mercury", "Merc"],
        ["Seattle Storm", "Storm", "Seattle", "SEA", "SEA Storm", "Emerald City Storm"],
        ["Washington Mystics", "Mystics", "Washington", "WAS", "WAS Mystics", "DC Mystics"],
        ["Golden State Valkyries", "Valkyries", "Golden State", "GSV", "GS Valkyries", "Valks", "San Francisco Valkyries", "SF Valkyries"]
      ],
    "NFL": [
        ["Buffalo Bills", "Bills", "Buffalo", "BUF", "BUF BILLS", "Bills Mafia"],
        ["Miami Dolphins", "Dolphins", "Miami", "MIA", "MIA DOLPHINS", "Fins"],
        ["New England Patriots", "Patriots", "New England", "NE", "NE PATRIOTS", "Pats"],
        ["New York Jets", "Jets", "New York Jets", "NYJ", "NY JETS", "Gang Green"],
        ["Baltimore Ravens", "Ravens", "Baltimore", "BAL", "BAL RAVENS", "Purple Birds"],
        ["Cincinnati Bengals", "Bengals", "Cincinnati", "CIN", "CIN BENGALS", "Who Dey"],
        ["Cleveland Browns", "Browns", "Cleveland", "CLE", "CLE BROWNS", "Dawg Pound"],
        ["Pittsburgh Steelers", "Steelers", "Pittsburgh", "PIT", "PIT STEELERS", "Steel Curtain", "Black & Gold"],
        ["Houston Texans", "Texans", "Houston", "HOU", "HOU TEXANS"],
        ["Indianapolis Colts", "Colts", "Indianapolis", "IND", "IND COLTS", "Horseshoes"],
        ["Jacksonville Jaguars", "Jaguars", "Jacksonville", "JAX", "JAX JAGUARS", "JAC JAGUARS", "Jags"],
        ["Tennessee Titans", "Titans", "Tennessee", "TEN", "TEN TITANS", "Two Tone Blue"],
        ["Denver Broncos", "Broncos", "Denver", "DEN", "DEN BRONCOS", "Orange Crush"],
        ["Kansas City Chiefs", "Chiefs", "KAN CHIEFS", "Kansas City", "KC", "KC CHIEFS", "Chiefs Kingdom"],
        ["Las Vegas Raiders", "Raiders", "Las Vegas", "LV", "LV RAIDERS", "Oakland Raiders", "LA Raiders", "Raider Nation"],
        ["Los Angeles Chargers", "Chargers", "Los Angeles Chargers", "LAC", "LA CHARGERS", "San Diego Chargers", "Bolts"],
        ["Dallas Cowboys", "Cowboys", "Dallas", "DAL", "DAL COWBOYS", "America's Team"],
        ["New York Giants", "Giants", "New York Giants", "NYG", "NY GIANTS", "G-Men", "Big Blue"],
        ["Philadelphia Eagles", "Eagles", "Philadelphia", "PHI", "PHI EAGLES", "Birds", "Philly Eagles"],
        ["Washington Commanders", "Commanders", "Washington", "WSH", "WAS COMMANDERS", "Washington Football Team", "Redskins", "Commies"],
        ["Chicago Bears", "Bears", "Chicago Bears", "CHI", "CHI BEARS", "Da Bears", "Monsters of the Midway"],
        ["Detroit Lions", "Lions", "Detroit", "DET", "DET LIONS", "Motor City Lions", "Honolulu Blue"],
        ["Green Bay Packers", "Packers", "Green Bay", "GB", "GB PACKERS", "Pack", "Cheeseheads"],
        ["Minnesota Vikings", "Vikings", "Minnesota", "MIN", "MIN VIKINGS", "Vikes", "Purple People Eaters"],
        ["Atlanta Falcons", "Falcons", "Atlanta", "ATL", "ATL FALCONS", "Dirty Birds"],
        ["Carolina Panthers", "Panthers", "Carolina", "CAR", "CAR PANTHERS", "Cardiac Cats"],
        ["New Orleans Saints", "Saints", "New Orleans", "NO", "NO SAINTS", "Who Dat"],
        ["Tampa Bay Buccaneers", "Buccaneers", "Tampa Bay", "TB", "TB BUCCANEERS", "Bucs"],
        ["Arizona Cardinals", "Cardinals", "Arizona", "ARI", "ARI CARDINALS", "Phoenix Cardinals", "Big Red"],
        ["Los Angeles Rams", "Rams", "Los Angeles Rams", "LAR", "LA RAMS", "St. Louis Rams", "Greatest Show on Turf"],
        ["San Francisco 49ers", "49ers", "San Francisco", "SFO 49ERS", "SF", "SF 49ERS", "Niners", "Faithful"],
        ["Seattle Seahawks", "Seahawks", "Seattle", "SEA", "SEA SEAHAWKS", "Hawks", "12s"]
      ],
    "NHL": [
        ["Anaheim Ducks", "Ducks", "Anaheim", "ANA", "ANA DUCKS", "Mighty Ducks", "Anaheim Mighty Ducks"],
        ["Arizona Coyotes", "Coyotes", "Arizona", "ARI", "ARI COYOTES", "Yotes", "Phoenix Coyotes"],
        ["Boston Bruins", "Bruins", "Boston", "BOS", "BOS BRUINS", "Big Bad Bruins"],
        ["Buffalo Sabres", "Sabres", "Buffalo", "BUF", "BUF SABRES", "Sabres Hockey"],
        ["Calgary Flames", "Flames", "Calgary", "CGY", "CGY FLAMES"],
        ["Carolina Hurricanes", "Hurricanes", "Carolina", "CAR", "CAR HURRICANES", "Canes", "Whalers", "Hartford Whalers"],
        ["Chicago Blackhawks", "Blackhawks", "Chicago", "CHI", "CHI BLACKHAWKS", "Hawks"],
        ["Colorado Avalanche", "Avalanche", "Colorado", "COL", "COL AVALANCHE", "Avs", "Quebec Nordiques"],
        ["Columbus Blue Jackets", "Blue Jackets", "Columbus", "CBJ", "CBJ BLUE JACKETS", "Jackets"],
        ["Dallas Stars", "Stars", "Dallas", "DAL", "DAL STARS", "Minnesota North Stars", "Starz"],
        ["Detroit Red Wings", "Red Wings", "Detroit", "DET", "DET RED WINGS", "Wings"],
        ["Edmonton Oilers", "Oilers", "Edmonton", "EDM", "EDM OILERS", "Copper & Blue"],
        ["Florida Panthers", "Panthers", "Florida", "FLA", "FLA PANTHERS", "Cats"],
        ["Los Angeles Kings", "Kings", "Los Angeles", "LA", "LA KINGS", "L.A. Kings", "Royalty"],
        ["Minnesota Wild", "Wild", "Minnesota", "MIN", "MIN WILD", "State of Hockey"],
        ["Montreal Canadiens", "Canadiens", "Montreal", "MTL", "MTL CANADIENS", "Habs", "Les Habitants"],
        ["Nashville Predators", "Predators", "Nashville", "NSH", "NSH PREDATORS", "Preds"],
        ["New Jersey Devils", "Devils", "New Jersey", "NJD", "NJ DEVILS"],
        ["New York Islanders", "Islanders", "New York Islanders", "NYI", "NY ISLANDERS", "Isles"],
        ["New York Rangers", "Rangers", "New York Rangers", "NYR", "NY RANGERS", "Blue Shirts"],
        ["Ottawa Senators", "Senators", "Ottawa", "OTT", "OTT SENATORS", "Sens"],
        ["Philadelphia Flyers", "Flyers", "Philadelphia", "PHI", "PHI FLYERS", "Broad Street Bullies"],
        ["Pittsburgh Penguins", "Penguins", "Pittsburgh", "PIT", "PIT PENGUINS", "Pens"],
        ["San Jose Sharks", "Sharks", "San Jose", "SJ", "SJ SHARKS", "Teal"],
        ["Seattle Kraken", "Kraken", "Seattle", "SEA", "SEA KRAKEN"],
        ["St. Louis Blues", "Blues", "St. Louis", "STL", "STL BLUES", "Note"],
        ["Tampa Bay Lightning", "Lightning", "Tampa Bay", "TB", "TB LIGHTNING", "Bolts"],
        ["Toronto Maple Leafs", "Maple Leafs", "Toronto", "TOR", "TOR MAPLE LEAFS", "Leafs", "Bud Leafs"],
        ["Vancouver Canucks", "Canucks", "Vancouver", "VAN", "VAN CANUCKS", "Nucks"],
        ["Vegas Golden Knights", "Golden Knights", "Vegas", "VGK", "VGK GOLDEN KNIGHTS", "Knights"],
        ["Washington Capitals", "Capitals", "Washington", "WSH", "WSH CAPITALS", "Caps"],
        ["Winnipeg Jets", "Jets", "Winnipeg", "WPG", "WPG JETS", "Atlanta Thrashers"]
      ]
}
